imdbId,releaseYear,releaseDate,releaseMonth,releaseDay,releaseQuarter,isHoliday
tt0272607,2001,2001-01-12,January,Friday,Qtr 1,No
tt0271604,2001,2001-01-19,January,Friday,Qtr 1,No
tt0255713,2001,2001-01-19,January,Friday,Qtr 1,No
tt0273406,2001,2001-01-26,January,Friday,Qtr 1,No
tt0272543,2001,2001-02-14,February,Wednesday,Qtr 1,No
tt0275381,2001,2001-02-16,February,Friday,Qtr 1,No
tt1176141,2001,2001-03-05,March,Monday,Qtr 1,No
tt0256692,2001,2001-03-09,March,Friday,Qtr 1,No
tt0265452,2001,2001-03-14,March,Wednesday,Qtr 1,No
tt0277981,2001,2001-03-23,March,Friday,Qtr 1,No
tt0227194,2001,2001-03-30,March,Friday,Qtr 1,No
tt0278522,2001,2001-04-13,April,Friday,Qtr 2,No
tt0118578,2001,2001-04-20,April,Friday,Qtr 2,No
tt0279021,2001,2001-04-25,April,Wednesday,Qtr 2,No
tt0281102,2001,2001-04-27,April,Friday,Qtr 2,No
tt0479674,2001,2001-05-02,May,Wednesday,Qtr 2,No
tt0288273,2001,2001-05-04,May,Friday,Qtr 2,No
tt0273164,2001,2001-05-04,May,Friday,Qtr 2,No
tt0284328,2001,2001-05-25,May,Friday,Qtr 2,No
tt0346548,2001,2001-06-01,June,Friday,Qtr 2,No
tt0285319,2001,2001-06-08,June,Friday,Qtr 2,No
tt0284137,2001,2001-06-15,June,Friday,Qtr 2,No
tt0272735,2001,2001-06-18,June,Monday,Qtr 2,No
tt0248617,2001,2001-06-27,June,Wednesday,Qtr 2,No
tt0287537,2001,2001-06-29,June,Friday,Qtr 2,No
tt0283911,2001,2001-07-06,July,Friday,Qtr 3,No
tt0289845,2001,2001-07-13,July,Friday,Qtr 3,No
tt0290326,2001,2001-07-13,July,Friday,Qtr 3,No
tt0292490,2001,2001-07-24,July,Tuesday,Qtr 3,No
tt0292552,2001,2001-08-03,August,Friday,Qtr 3,No
tt0292740,2001,2001-08-10,August,Friday,Qtr 3,No
tt0295603,2001,2001-09-07,September,Friday,Qtr 3,No
tt0291376,2001,2001-09-07,September,Friday,Qtr 3,No
tt0297983,2001,2001-09-14,September,Friday,Qtr 3,No
tt0293342,2001,2001-09-19,September,Wednesday,Qtr 3,No
tt0278291,2001,2001-09-21,September,Friday,Qtr 3,No
tt0267363,2001,2001-09-28,September,Friday,Qtr 3,No
tt0298606,2001,2001-10-12,October,Friday,Qtr 4,No
tt0299108,2001,2001-10-19,October,Friday,Qtr 4,No
tt0300028,2001,2001-10-26,October,Friday,Qtr 4,No
tt0301250,2001,2001-11-07,November,Wednesday,Qtr 4,No
tt0301179,2001,2001-11-16,November,Friday,Qtr 4,No
tt0298607,2001,2001-11-16,November,Friday,Qtr 4,No
tt0317811,2001,2001-11-20,November,Tuesday,Qtr 4,No
tt0301240,2001,2001-11-30,November,Friday,Qtr 4,No
tt0302524,2001,2001-11-30,November,Friday,Qtr 4,No
tt0248126,2001,2001-12-14,December,Friday,Qtr 4,No
tt0348190,2001,2001-12-14,December,Friday,Qtr 4,No
tt0305173,2001,2001-12-21,December,Friday,Qtr 4,No
tt0306855,2001,2001-12-28,December,Friday,Qtr 4,No
tt0305455,2002,2002-01-04,January,Friday,Qtr 1,No
tt0306840,2002,2002-01-11,January,Friday,Qtr 1,No
tt0307116,2002,2002-01-25,January,Friday,Qtr 1,No
tt0307866,2002,2002-02-01,February,Friday,Qtr 1,No
tt0309087,2002,2002-02-08,February,Friday,Qtr 1,No
tt0308347,2002,2002-02-15,February,Friday,Qtr 1,No
tt0310254,2002,2002-02-24,February,Sunday,Qtr 1,No
tt0314008,2002,2002-02-28,February,Thursday,Qtr 1,No
tt0313844,2002,2002-03-22,March,Friday,Qtr 1,No
tt0311411,2002,2002-03-27,March,Wednesday,Qtr 1,No
tt0306434,2002,2002-03-27,March,Wednesday,Qtr 1,No
tt0313743,2002,2002-03-29,March,Friday,Qtr 1,No
tt0315777,2002,2002-04-02,April,Tuesday,Qtr 2,No
tt0312883,2002,2002-04-10,April,Wednesday,Qtr 2,No
tt0296574,2002,2002-04-15,April,Monday,Qtr 2,No
tt0247911,2002,2002-04-19,April,Friday,Qtr 2,No
tt0274019,2002,2002-04-26,April,Friday,Qtr 2,No
tt0313395,2002,2002-05-01,May,Wednesday,Qtr 2,No
tt0316154,2002,2002-05-03,May,Friday,Qtr 2,No
tt0169102,2001,2002-05-08,May,Wednesday,Qtr 2,No
tt0321067,2002,2002-05-10,May,Friday,Qtr 2,No
tt0248216,2002,2002-05-10,May,Friday,Qtr 2,No
tt0345102,2002,2002-05-17,May,Friday,Qtr 2,No
tt0222024,2002,2002-05-24,May,Friday,Qtr 2,No
tt0316911,2002,2002-05-31,May,Friday,Qtr 2,No
tt0322653,2002,2002-06-07,June,Friday,Qtr 2,No
tt0324951,2002,2002-06-07,June,Friday,Qtr 2,No
tt0319736,2002,2002-06-07,June,Friday,Qtr 2,No
tt0325041,2002,2002-06-14,June,Friday,Qtr 2,No
tt0319020,2002,2002-06-21,June,Friday,Qtr 2,No
tt0327004,2002,2002-06-28,June,Friday,Qtr 2,No
tt0327005,2002,2002-06-28,June,Friday,Qtr 2,No
tt0328671,2002,2002-07-03,July,Wednesday,Qtr 3,No
tt0327071,2002,2002-07-08,July,Monday,Qtr 3,No
tt0238936,2002,2002-07-12,July,Friday,Qtr 3,No
tt0326576,2002,2002-07-26,July,Friday,Qtr 3,No
tt0331421,2002,2002-08-02,August,Friday,Qtr 3,No
tt0272736,2002,2002-08-09,August,Friday,Qtr 3,No
tt0375733,2002,2002-08-09,August,Friday,Qtr 3,No
tt0331453,2002,2002-08-09,August,Friday,Qtr 3,No
tt0490417,2002,2002-08-12,August,Monday,Qtr 3,No
tt0326983,2002,2002-08-16,August,Friday,Qtr 3,No
tt0326600,2002,2002-08-23,August,Friday,Qtr 3,No
tt0331216,2002,2002-08-23,August,Friday,Qtr 3,No
tt0329620,2002,2002-08-23,August,Friday,Qtr 3,No
tt0331479,2002,2002-09-06,September,Friday,Qtr 3,No
tt0328998,2002,2002-09-06,September,Friday,Qtr 3,No
tt0332766,2002,2002-09-13,September,Friday,Qtr 3,No
tt0331639,2002,2002-09-20,September,Friday,Qtr 3,No
tt0315632,2002,2002-09-27,September,Friday,Qtr 3,No
tt0340464,2002,2002-10-04,October,Friday,Qtr 4,No
tt0335592,2002,2002-10-11,October,Friday,Qtr 4,No
tt0338566,2002,2002-10-11,October,Friday,Qtr 4,No
tt0331256,2002,2002-10-16,October,Wednesday,Qtr 4,No
tt0335044,2002,2002-10-18,October,Friday,Qtr 4,No
tt0337633,2002,2002-10-18,October,Friday,Qtr 4,No
tt0337971,2002,2002-10-25,October,Friday,Qtr 4,No
tt0338721,2002,2002-11-01,November,Friday,Qtr 4,No
tt0339878,2002,2002-11-01,November,Friday,Qtr 4,No
tt0396057,2002,2002-11-08,November,Friday,Qtr 4,No
tt0337652,2002,2002-11-20,November,Wednesday,Qtr 4,No
tt0341458,2002,2002-12-02,December,Monday,Qtr 4,No
tt0342624,2002,2002-12-06,December,Friday,Qtr 4,No
tt0341549,2002,2002-12-06,December,Friday,Qtr 4,No
tt0330843,2002,2002-12-20,December,Friday,Qtr 4,No
tt0294662,2002,2002-12-20,December,Friday,Qtr 4,No
tt0348824,2002,2002-12-27,December,Friday,Qtr 4,No
tt0338477,2003,2003-01-03,January,Friday,Qtr 1,No
tt0348258,2003,2003-01-03,January,Friday,Qtr 1,No
tt0348521,2003,2003-01-10,January,Friday,Qtr 1,No
tt0296535,2003,2003-01-14,January,Tuesday,Qtr 1,No
tt0330217,2003,2003-01-17,January,Friday,Qtr 1,No
tt0348843,2003,2003-01-17,January,Friday,Qtr 1,No
tt0348662,2003,2003-01-24,January,Friday,Qtr 1,No
tt0314006,2003,2003-01-24,January,Friday,Qtr 1,No
tt0348656,2003,2003-02-07,February,Friday,Qtr 1,No
tt0349115,2003,2003-02-07,February,Friday,Qtr 1,No
tt0341562,2003,2003-02-07,February,Friday,Qtr 1,No
tt0312664,2003,2003-02-14,February,Friday,Qtr 1,No
tt0345594,2003,2003-02-14,February,Friday,Qtr 1,No
tt0280720,2002,2003-02-14,February,Friday,Qtr 1,No
tt0352489,2003,2003-02-14,February,Friday,Qtr 1,No
tt0353351,2003,2003-02-21,February,Friday,Qtr 1,No
tt0358613,2003,2003-03-21,March,Friday,Qtr 1,No
tt0345043,2003,2003-03-21,March,Friday,Qtr 1,No
tt0354538,2003,2003-03-28,March,Friday,Qtr 1,No
tt0347167,2003,2003-04-10,April,Thursday,Qtr 2,No
tt0362771,2003,2003-04-10,April,Thursday,Qtr 2,No
tt0330783,2003,2003-05-02,May,Friday,Qtr 2,No
tt0366658,2003,2003-05-09,May,Friday,Qtr 2,No
tt0357208,2003,2003-05-16,May,Friday,Qtr 2,No
tt0362696,2003,2003-05-16,May,Friday,Qtr 2,No
tt0331851,2003,2003-05-16,May,Friday,Qtr 2,No
tt0346507,2003,2003-05-23,May,Friday,Qtr 2,No
tt0368811,2003,2003-05-30,May,Friday,Qtr 2,No
tt0341266,2003,2003-05-30,May,Friday,Qtr 2,No
tt0349679,2003,2003-06-06,June,Friday,Qtr 2,No
tt0362902,2003,2003-06-06,June,Friday,Qtr 2,No
tt0346723,2003,2003-06-13,June,Friday,Qtr 2,No
tt0347278,2003,2003-06-20,June,Friday,Qtr 2,No
tt0385564,2003,2003-06-20,June,Friday,Qtr 2,No
tt0362204,2003,2003-06-20,June,Friday,Qtr 2,No
tt0349058,2003,2003-06-27,June,Friday,Qtr 2,No
tt0265148,2003,2003-06-27,June,Friday,Qtr 2,No
tt0373970,2003,2003-06-27,June,Friday,Qtr 2,No
tt0366276,2003,2003-06-30,June,Monday,Qtr 2,No
tt0371922,2003,2003-07-04,July,Friday,Qtr 3,Yes
tt0369516,2003,2003-07-04,July,Friday,Qtr 3,Yes
tt0364621,2003,2003-07-11,July,Friday,Qtr 3,No
tt0340178,2003,2003-07-18,July,Friday,Qtr 3,No
tt0349333,2003,2003-07-25,July,Friday,Qtr 3,No
tt0326805,2003,2003-08-01,August,Friday,Qtr 3,No
tt0371735,2003,2003-08-01,August,Friday,Qtr 3,No
tt0377126,2003,2003-08-08,August,Friday,Qtr 3,No
tt0374660,2003,2003-08-15,August,Friday,Qtr 3,No
tt0374271,2003,2003-08-15,August,Friday,Qtr 3,No
tt0363833,2003,2003-08-22,August,Friday,Qtr 3,No
tt0378025,2003,2003-08-22,August,Friday,Qtr 3,No
tt0369637,2003,2003-08-26,August,Tuesday,Qtr 3,No
tt0373856,2003,2003-08-29,August,Friday,Qtr 3,No
tt0484279,2003,2003-09-03,September,Wednesday,Qtr 3,No
tt0366880,2003,2003-09-12,September,Friday,Qtr 3,No
tt0381090,2003,2003-09-12,September,Friday,Qtr 3,No
tt0366630,2003,2003-09-12,September,Friday,Qtr 3,No
tt0363721,2003,2003-09-12,September,Friday,Qtr 3,No
tt0381408,2003,2003-09-12,September,Friday,Qtr 3,No
tt0330082,2003,2003-09-19,September,Friday,Qtr 3,No
tt0382385,2003,2003-09-26,September,Friday,Qtr 3,No
tt0383719,2003,2003-09-26,September,Friday,Qtr 3,No
tt0389726,2003,2003-09-26,September,Friday,Qtr 3,No
tt0382188,2003,2003-09-26,September,Friday,Qtr 3,No
tt0337578,2003,2003-10-03,October,Friday,Qtr 4,No
tt0374848,2003,2003-10-07,October,Tuesday,Qtr 4,No
tt0378157,2003,2003-10-10,October,Friday,Qtr 4,No
tt0384491,2003,2003-10-10,October,Friday,Qtr 4,No
tt0385982,2003,2003-10-24,October,Friday,Qtr 4,No
tt0385782,2003,2003-10-24,October,Friday,Qtr 4,No
tt0352830,2003,2003-10-24,October,Friday,Qtr 4,No
tt0380337,2003,2003-11-07,November,Friday,Qtr 4,No
tt0387164,2003,2003-11-07,November,Friday,Qtr 4,No
tt0387486,2003,2003-11-07,November,Friday,Qtr 4,No
tt0371775,2003,2003-11-11,November,Tuesday,Qtr 4,Yes
tt0387325,2003,2003-11-14,November,Friday,Qtr 4,No
tt0387678,2003,2003-11-14,November,Friday,Qtr 4,No
tt0348172,2003,2003-11-21,November,Friday,Qtr 4,No
tt0388315,2003,2003-11-21,November,Friday,Qtr 4,No
tt0390532,2003,2003-11-21,November,Friday,Qtr 4,No
tt0347304,2003,2003-11-28,November,Friday,Qtr 4,No
tt0391079,2003,2003-12-12,December,Friday,Qtr 4,No
tt0347416,2003,2003-12-12,December,Friday,Qtr 4,No
tt0392951,2003,2003-12-12,December,Friday,Qtr 4,No
tt0391165,2003,2003-12-19,December,Friday,Qtr 4,No
tt0374887,2003,2003-12-19,December,Friday,Qtr 4,No
tt0392950,2004,2004-01-02,January,Friday,Qtr 1,No
tt0364604,2004,2004-01-09,January,Friday,Qtr 1,No
tt0396782,2004,2004-01-09,January,Friday,Qtr 1,No
tt0347332,2004,2004-01-23,January,Friday,Qtr 1,No
tt0377340,2004,2004-01-23,January,Friday,Qtr 1,No
tt0401532,2004,2004-02-06,February,Friday,Qtr 1,No
tt0379818,2004,2004-02-13,February,Friday,Qtr 1,No
tt0366985,2004,2004-02-13,February,Friday,Qtr 1,No
tt0391274,2004,2004-02-20,February,Friday,Qtr 1,No
tt0352314,2004,2004-02-24,February,Tuesday,Qtr 1,No
tt0402606,2004,2004-02-27,February,Friday,Qtr 1,No
tt0402607,2004,2004-02-27,February,Friday,Qtr 1,No
tt0402014,2004,2004-02-27,February,Friday,Qtr 1,No
tt0405046,2004,2004-03-05,March,Friday,Qtr 1,No
tt0408837,2004,2004-03-26,March,Friday,Qtr 1,No
tt0409068,2004,2004-03-26,March,Friday,Qtr 1,No
tt0415373,2004,2004-03-26,March,Friday,Qtr 1,No
tt0408976,2004,2004-04-02,April,Friday,Qtr 2,No
tt0366761,2004,2004-04-02,April,Friday,Qtr 2,No
tt0405507,2004,2004-04-02,April,Friday,Qtr 2,No
tt0406977,2004,2004-04-09,April,Friday,Qtr 2,No
tt0385351,2004,2004-04-09,April,Friday,Qtr 2,No
tt0414503,2004,2004-04-23,April,Friday,Qtr 2,No
tt0409724,2004,2004-04-23,April,Friday,Qtr 2,No
tt0347473,2004,2004-04-30,April,Friday,Qtr 2,No
tt0411815,2004,2004-05-14,May,Friday,Qtr 2,No
tt0382383,2004,2004-05-22,May,Saturday,Qtr 2,No
tt0416120,2004,2004-05-28,May,Friday,Qtr 2,No
tt0378072,2004,2004-05-28,May,Friday,Qtr 2,No
tt0363409,2004,2004-06-04,June,Friday,Qtr 2,No
tt0364303,2004,2004-06-11,June,Friday,Qtr 2,No
tt0414714,2004,2004-06-17,June,Thursday,Qtr 2,No
tt0323013,2004,2004-06-18,June,Friday,Qtr 2,No
tt0418598,2004,2004-06-18,June,Friday,Qtr 2,No
tt0377131,2003,2004-06-18,June,Friday,Qtr 2,No
tt0387989,2004,2004-06-25,June,Friday,Qtr 2,No
tt0187279,2004,2004-07-02,July,Friday,Qtr 3,No
tt0419828,2004,2004-07-02,July,Friday,Qtr 3,No
tt0415003,2004,2004-07-09,July,Friday,Qtr 3,No
tt0414040,2004,2004-07-16,July,Friday,Qtr 3,No
tt0421277,2004,2004-07-23,July,Friday,Qtr 3,No
tt0368580,2004,2004-07-23,July,Friday,Qtr 3,No
tt0418362,2004,2004-07-30,July,Friday,Qtr 3,No
tt0435437,2004,2004-08-06,August,Friday,Qtr 3,No
tt1266140,2004,2004-08-06,August,Friday,Qtr 3,No
tt0410591,2004,2004-08-13,August,Friday,Qtr 3,No
tt0491724,2004,2004-08-13,August,Friday,Qtr 3,No
tt0422950,2004,2004-08-13,August,Friday,Qtr 3,No
tt0349703,2004,2004-08-13,August,Friday,Qtr 3,No
tt0422236,2004,2004-08-20,August,Friday,Qtr 3,No
tt0814158,2004,2004-08-20,August,Friday,Qtr 3,No
tt0422091,2004,2004-08-27,August,Friday,Qtr 3,No
tt0418096,2004,2004-09-01,September,Wednesday,Qtr 3,No
tt0405024,2004,2004-09-03,September,Friday,Qtr 3,No
tt0338959,2004,2004-09-17,September,Friday,Qtr 3,No
tt0430030,2004,2004-09-24,September,Friday,Qtr 3,No
tt0430328,2004,2004-09-24,September,Friday,Qtr 3,No
tt0430702,2004,2004-09-24,September,Friday,Qtr 3,No
tt0429289,2004,2004-10-01,October,Friday,Qtr 4,No
tt0438153,2004,2004-10-01,October,Friday,Qtr 4,No
tt0430480,2004,2004-10-01,October,Friday,Qtr 4,No
tt0432385,2004,2004-10-01,October,Friday,Qtr 4,No
tt0435390,2004,2004-10-08,October,Friday,Qtr 4,No
tt0439872,2004,2004-10-08,October,Friday,Qtr 4,No
tt0432536,2004,2004-10-15,October,Friday,Qtr 4,No
tt0497887,2004,2004-10-15,October,Friday,Qtr 4,No
tt0442799,2004,2004-10-22,October,Friday,Qtr 4,No
tt0416282,2004,2004-10-22,October,Friday,Qtr 4,No
tt0349620,2004,2004-11-01,November,Monday,Qtr 4,No
tt0832365,2004,2004-11-05,November,Friday,Qtr 4,No
tt0418460,2004,2004-11-12,November,Friday,Qtr 4,No
tt0433605,2004,2004-11-12,November,Friday,Qtr 4,No
tt0420332,2004,2004-11-12,November,Friday,Qtr 4,No
tt1202344,2004,2004-11-26,November,Friday,Qtr 4,No
tt0437238,2004,2004-11-26,November,Friday,Qtr 4,No
tt1238718,2004,2004-12-10,December,Friday,Qtr 4,No
tt0423087,2004,2004-12-10,December,Friday,Qtr 4,No
tt0430381,2004,2004-12-10,December,Friday,Qtr 4,No
tt0367110,2004,2004-12-17,December,Friday,Qtr 4,No
tt0397882,2004,2004-12-24,December,Friday,Qtr 4,Yes
tt0405266,2004,2004-12-24,December,Friday,Qtr 4,Yes
tt0328729,2004,2004-12-31,December,Friday,Qtr 4,Yes
tt0443208,2005,2005-01-07,January,Friday,Qtr 1,No
tt1016044,2005,2005-01-07,January,Friday,Qtr 1,No
tt0414713,2005,2005-01-07,January,Friday,Qtr 1,No
tt0442855,2005,2005-01-07,January,Friday,Qtr 1,No
tt0438875,2005,2005-01-14,January,Friday,Qtr 1,No
tt0416712,2005,2005-01-14,January,Friday,Qtr 1,No
tt0396690,2005,2005-01-21,January,Friday,Qtr 1,No
tt0443708,2005,2005-01-21,January,Friday,Qtr 1,No
tt0444769,2005,2005-01-28,January,Friday,Qtr 1,No
tt0435259,2005,2005-01-28,January,Friday,Qtr 1,No
tt0409527,2005,2005-02-04,February,Friday,Qtr 1,No
tt0375611,2005,2005-02-04,February,Friday,Qtr 1,No
tt0483239,2005,2005-02-04,February,Friday,Qtr 1,No
tt0445022,2005,2005-02-10,February,Thursday,Qtr 1,No
tt0445056,2005,2005-02-11,February,Friday,Qtr 1,No
tt0449982,2005,2005-02-11,February,Friday,Qtr 1,No
tt0447890,2005,2005-02-11,February,Friday,Qtr 1,No
tt0449870,2005,2005-02-18,February,Friday,Qtr 1,No
tt0448121,2005,2005-02-25,February,Friday,Qtr 1,No
tt0363472,2005,2005-02-25,February,Friday,Qtr 1,No
tt0845503,2005,2005-02-25,February,Friday,Qtr 1,No
tt0451919,2005,2005-03-04,March,Friday,Qtr 1,No
tt0466367,2005,2005-03-04,March,Friday,Qtr 1,No
tt0444849,2005,2005-03-11,March,Friday,Qtr 1,No
tt0419974,2004,2005-03-18,March,Friday,Qtr 1,No
tt0487148,2005,2005-03-18,March,Friday,Qtr 1,No
tt0451983,2005,2005-03-25,March,Friday,Qtr 1,No
tt0444913,2005,2005-03-25,March,Friday,Qtr 1,No
tt0449306,2005,2005-04-08,April,Friday,Qtr 2,No
tt0459475,2005,2005-04-10,April,Sunday,Qtr 2,No
tt1093387,2005,2005-04-15,April,Friday,Qtr 2,No
tt0453748,2005,2005-04-15,April,Friday,Qtr 2,No
tt0437279,2005,2005-04-15,April,Friday,Qtr 2,No
tt0390614,2005,2005-04-22,April,Friday,Qtr 2,No
tt0373972,2005,2005-04-28,April,Thursday,Qtr 2,No
tt0415908,2005,2005-04-29,April,Friday,Qtr 2,No
tt0456500,2005,2005-05-06,May,Friday,Qtr 2,No
tt0444874,2005,2005-05-06,May,Friday,Qtr 2,No
tt0420123,2005,2005-05-07,May,Saturday,Qtr 2,No
tt0436451,2005,2005-05-13,May,Friday,Qtr 2,No
tt0443594,2005,2005-05-20,May,Friday,Qtr 2,No
tt0459133,2005,2005-05-20,May,Friday,Qtr 2,No
tt0456558,2005,2005-05-20,May,Friday,Qtr 2,No
tt0448206,2005,2005-05-27,May,Friday,Qtr 2,No
tt0478868,2005,2005-06-03,June,Friday,Qtr 2,No
tt0451639,2005,2005-06-03,June,Friday,Qtr 2,No
tt0437407,2005,2005-06-10,June,Friday,Qtr 2,No
tt0466398,2005,2005-06-17,June,Friday,Qtr 2,No
tt0438981,2005,2005-06-17,June,Friday,Qtr 2,No
tt0487149,2005,2005-06-24,June,Friday,Qtr 2,No
tt0451850,2005,2005-06-24,June,Friday,Qtr 2,No
tt0488976,2005,2005-06-25,June,Saturday,Qtr 2,No
tt0432047,2005,2005-07-01,July,Friday,Qtr 3,No
tt0415768,2005,2005-07-08,July,Friday,Qtr 3,No
tt0489028,2005,2005-07-12,July,Tuesday,Qtr 3,No
tt0451803,2005,2005-07-15,July,Friday,Qtr 3,No
tt0833499,2005,2005-07-15,July,Friday,Qtr 3,No
tt0470398,2005,2005-07-22,July,Friday,Qtr 3,No
tt0420304,2005,2005-07-22,July,Friday,Qtr 3,No
tt0473567,2005,2005-07-29,July,Friday,Qtr 3,No
tt0453582,2005,2005-07-29,July,Friday,Qtr 3,No
tt0346457,2005,2005-08-12,August,Friday,Qtr 3,No
tt0451824,2005,2005-08-19,August,Friday,Qtr 3,No
tt0444767,2005,2005-08-19,August,Friday,Qtr 3,No
tt0451833,2005,2005-08-26,August,Friday,Qtr 3,No
tt0497606,2005,2005-09-02,September,Friday,Qtr 3,No
tt0477253,2005,2005-09-02,September,Friday,Qtr 3,No
tt0439754,2005,2005-09-02,September,Friday,Qtr 3,No
tt0476848,2005,2005-09-02,September,Friday,Qtr 3,No
tt0456165,2005,2005-09-09,September,Friday,Qtr 3,No
tt1339313,2005,2005-09-16,September,Friday,Qtr 3,No
tt0458027,2005,2005-09-22,September,Thursday,Qtr 3,No
tt0442764,2005,2005-09-23,September,Friday,Qtr 3,No
tt0466580,2005,2005-09-30,September,Friday,Qtr 3,No
tt0485513,2005,2005-10-07,October,Friday,Qtr 4,No
tt0826165,2005,2005-10-07,October,Friday,Qtr 4,No
tt0488840,2005,2005-10-14,October,Friday,Qtr 4,No
tt1569529,2005,2005-10-21,October,Friday,Qtr 4,No
tt0488836,2005,2005-10-21,October,Friday,Qtr 4,No
tt0449389,2005,2005-11-03,November,Thursday,Qtr 4,No
tt0453671,2005,2005-11-03,November,Thursday,Qtr 4,No
tt0451787,2005,2005-11-03,November,Thursday,Qtr 4,No
tt0461209,2005,2005-11-18,November,Friday,Qtr 4,No
tt1117964,2005,2005-11-25,November,Friday,Qtr 4,No
tt0444781,2005,2005-11-25,November,Friday,Qtr 4,No
tt0466546,2005,2005-11-25,November,Friday,Qtr 4,No
tt0457940,2005,2005-12-02,December,Friday,Qtr 4,No
tt0451631,2005,2005-12-02,December,Friday,Qtr 4,No
tt0456549,2005,2005-12-02,December,Friday,Qtr 4,No
tt0461258,2005,2005-12-09,December,Friday,Qtr 4,No
tt0457875,2005,2005-12-09,December,Friday,Qtr 4,No
tt0470869,2005,2005-12-09,December,Friday,Qtr 4,No
tt0499041,2005,2005-12-09,December,Friday,Qtr 4,No
tt0476527,2005,2005-12-16,December,Friday,Qtr 4,No
tt0449228,2005,2005-12-23,December,Friday,Qtr 4,No
tt0475645,2005,2005-12-23,December,Friday,Qtr 4,No
tt0475627,2005,2005-12-30,December,Friday,Qtr 4,No
tt0874854,2005,2005-12-30,December,Friday,Qtr 4,No
tt0813539,2005,2005-12-31,December,Saturday,Qtr 4,No
tt0485466,2006,2006-01-06,January,Friday,Qtr 1,No
tt0488906,2006,2006-01-12,January,Thursday,Qtr 1,No
tt0437182,2006,2006-01-12,January,Thursday,Qtr 1,No
tt0453729,2005,2006-01-20,January,Friday,Qtr 1,No
tt0405508,2006,2006-01-26,January,Thursday,Qtr 1,No
tt0476729,2006,2006-02-03,February,Friday,Qtr 1,No
tt0418880,2006,2006-02-03,February,Friday,Qtr 1,No
tt0458017,2006,2006-02-10,February,Friday,Qtr 1,No
tt0456413,2006,2006-02-17,February,Friday,Qtr 1,No
tt0454429,2006,2006-02-17,February,Friday,Qtr 1,No
tt0314186,2006,2006-02-24,February,Friday,Qtr 1,No
tt0476884,2006,2006-02-24,February,Friday,Qtr 1,No
tt0779768,2006,2006-03-03,March,Friday,Qtr 1,No
tt0476805,2006,2006-03-10,March,Friday,Qtr 1,No
tt0833537,2006,2006-03-24,March,Friday,Qtr 1,No
tt0449189,2006,2006-04-07,April,Friday,Qtr 2,No
tt0489560,2006,2006-04-07,April,Friday,Qtr 2,No
tt0470521,2006,2006-04-07,April,Friday,Qtr 2,No
tt0444840,2006,2006-04-14,April,Friday,Qtr 2,No
tt0477252,2006,2006-04-21,April,Friday,Qtr 2,No
tt0461323,2006,2006-04-21,April,Friday,Qtr 2,No
tt0356982,2003,2006-04-22,April,Saturday,Qtr 2,No
tt0495032,2006,2006-04-28,April,Friday,Qtr 2,No
tt0328503,2005,2006-05-01,May,Monday,Qtr 2,No
tt0476888,2006,2006-05-12,May,Friday,Qtr 2,No
tt0495022,2006,2006-05-19,May,Friday,Qtr 2,No
tt0439662,2006,2006-05-26,May,Friday,Qtr 2,No
tt0464160,2006,2006-06-09,June,Friday,Qtr 2,No
tt0419058,2006,2006-06-09,June,Friday,Qtr 2,No
tt0432637,2006,2006-06-23,June,Friday,Qtr 2,No
tt0488381,2006,2006-07-07,July,Friday,Qtr 3,No
tt0495034,2006,2006-07-14,July,Friday,Qtr 3,No
tt0470614,2006,2006-07-21,July,Friday,Qtr 3,No
tt0833484,2006,2006-07-21,July,Friday,Qtr 3,No
tt0488414,2006,2006-07-28,July,Friday,Qtr 3,No
tt0430589,2006,2006-08-01,August,Tuesday,Qtr 3,No
tt0800981,2006,2006-08-04,August,Friday,Qtr 3,No
tt0471646,2006,2006-08-04,August,Friday,Qtr 3,No
tt0449999,2006,2006-08-11,August,Friday,Qtr 3,No
tt0831840,2006,2006-08-18,August,Friday,Qtr 3,No
tt0810058,2006,2006-08-25,August,Friday,Qtr 3,No
tt0456144,2006,2006-09-01,September,Friday,Qtr 3,No
tt0814082,2006,2006-09-08,September,Friday,Qtr 3,No
tt0813540,2006,2006-09-08,September,Friday,Qtr 3,No
tt0831816,2006,2006-09-15,September,Friday,Qtr 3,No
tt0480572,2006,2006-09-15,September,Friday,Qtr 3,No
tt0466460,2006,2006-09-22,September,Friday,Qtr 3,No
tt0814295,2006,2006-09-22,September,Friday,Qtr 3,No
tt0824316,2006,2006-09-22,September,Friday,Qtr 3,No
tt0833561,2006,2006-09-29,September,Friday,Qtr 3,No
tt0823261,2006,2006-10-06,October,Friday,Qtr 4,No
tt0456481,2006,2006-10-20,October,Friday,Qtr 4,No
tt0461936,2006,2006-10-20,October,Friday,Qtr 4,No
tt0485522,2006,2006-11-03,November,Friday,Qtr 4,No
tt0493437,2006,2006-11-10,November,Friday,Qtr 4,Yes
tt0494290,2006,2006-11-10,November,Friday,Qtr 4,Yes
tt0441048,2006,2006-11-24,November,Friday,Qtr 4,No
tt0419468,2006,2006-12-08,December,Friday,Qtr 4,No
tt0454396,2006,2006-12-15,December,Friday,Qtr 4,No
tt0770214,2006,2006-12-15,December,Friday,Qtr 4,No
tt0805184,2006,2006-12-22,December,Friday,Qtr 4,No
tt0857381,2006,2006-12-29,December,Friday,Qtr 4,No
tt0845529,2007,2007-01-01,January,Monday,Qtr 1,Yes
tt0499375,2007,2007-01-12,January,Friday,Qtr 1,No
tt0485272,2007,2007-01-25,January,Thursday,Qtr 1,No
tt0476762,2007,2007-02-01,February,Thursday,Qtr 1,No
tt0819810,2007,2007-02-02,February,Friday,Qtr 1,No
tt0459605,2007,2007-02-16,February,Friday,Qtr 1,No
tt0808306,2007,2007-02-23,February,Friday,Qtr 1,No
tt0476819,2007,2007-03-02,March,Friday,Qtr 1,No
tt0824375,2007,2007-03-02,March,Friday,Qtr 1,No
tt0896968,2007,2007-03-09,March,Friday,Qtr 1,No
tt0979891,2007,2007-03-16,March,Friday,Qtr 1,No
tt0795434,2007,2007-03-23,March,Friday,Qtr 1,No
tt0989633,2007,2007-03-30,March,Friday,Qtr 1,No
tt1014672,2007,2007-04-13,April,Friday,Qtr 2,No
tt0887753,2007,2007-04-20,April,Friday,Qtr 2,No
tt0833553,2007,2007-04-27,April,Friday,Qtr 2,No
tt0489486,2007,2007-05-11,May,Friday,Qtr 2,No
tt0800956,2007,2007-05-11,May,Friday,Qtr 2,No
tt0995718,2007,2007-05-18,May,Friday,Qtr 2,No
tt0898943,2007,2007-05-18,May,Friday,Qtr 2,No
tt0811066,2007,2007-05-25,May,Friday,Qtr 2,No
tt0976026,2007,2007-05-25,May,Friday,Qtr 2,No
tt0493417,2007,2007-06-01,June,Friday,Qtr 2,No
tt0860454,2007,2007-06-08,June,Friday,Qtr 2,No
tt1047519,2007,2007-06-08,June,Friday,Qtr 2,No
tt0833476,2007,2007-06-15,June,Friday,Qtr 2,No
tt1016159,2007,2007-06-22,June,Friday,Qtr 2,No
tt0814014,2007,2007-06-29,June,Friday,Qtr 2,No
tt1020937,2007,2007-06-29,June,Friday,Qtr 2,No
tt0995840,2007,2007-06-29,June,Friday,Qtr 2,No
tt1083988,2007,2007-07-06,July,Friday,Qtr 3,No
tt1065099,2007,2007-07-06,July,Friday,Qtr 3,No
tt1020978,2007,2007-07-13,July,Friday,Qtr 3,No
tt0807758,2007,2007-07-20,July,Friday,Qtr 3,No
tt0459293,2007,2007-07-27,July,Friday,Qtr 3,No
tt0872190,2007,2007-08-03,August,Friday,Qtr 3,No
tt0886505,2007,2007-08-10,August,Friday,Qtr 3,No
tt1083447,2007,2007-08-17,August,Friday,Qtr 3,No
tt0806088,2007,2007-08-24,August,Friday,Qtr 3,No
tt0473310,2007,2007-08-31,August,Friday,Qtr 3,No
tt1095038,2007,2007-08-31,August,Friday,Qtr 3,No
tt1090650,2007,2007-08-31,August,Friday,Qtr 3,No
tt0845448,2007,2007-09-07,September,Friday,Qtr 3,No
tt0875692,2007,2007-09-14,September,Friday,Qtr 3,No
tt0995035,2007,2007-09-14,September,Friday,Qtr 3,No
tt0845494,2007,2007-09-14,September,Friday,Qtr 3,No
tt0920464,2007,2007-09-21,September,Friday,Qtr 3,No
tt1077248,2007,2007-09-28,September,Friday,Qtr 3,No
tt1099196,2007,2007-09-28,September,Friday,Qtr 3,No
tt0985636,2007,2007-10-12,October,Friday,Qtr 4,No
tt0995031,2007,2007-10-12,October,Friday,Qtr 4,No
tt0816657,2007,2007-10-19,October,Friday,Qtr 4,No
tt0995740,2007,2007-10-26,October,Friday,Qtr 4,No
tt1127870,2007,2007-10-26,October,Friday,Qtr 4,No
tt1093370,2007,2007-10-26,October,Friday,Qtr 4,No
tt1024943,2007,2007-11-09,November,Friday,Qtr 4,No
tt0758053,2007,2007-11-09,November,Friday,Qtr 4,No
tt1120897,2007,2007-11-23,November,Friday,Qtr 4,No
tt0982875,2007,2007-11-30,November,Friday,Qtr 4,No
tt0986213,2007,2007-11-30,November,Friday,Qtr 4,No
tt0995823,2007,2007-12-07,December,Friday,Qtr 4,No
tt0823451,2007,2007-12-07,December,Friday,Qtr 4,No
tt0488798,2007,2007-12-21,December,Friday,Qtr 4,No
tt0986264,2007,2007-12-21,December,Friday,Qtr 4,No
tt1169841,2007,2007-12-28,December,Friday,Qtr 4,No
tt0845492,2008,2008-01-11,January,Friday,Qtr 1,No
tt0892874,2008,2008-01-11,January,Friday,Qtr 1,No
tt1199534,2008,2008-01-18,January,Friday,Qtr 1,No
tt1159917,2008,2008-01-18,January,Friday,Qtr 1,No
tt1039989,2008,2008-01-25,January,Friday,Qtr 1,No
tt1137979,2008,2008-02-01,February,Friday,Qtr 1,No
tt1179782,2008,2008-02-08,February,Friday,Qtr 1,No
tt1178657,2008,2008-02-08,February,Friday,Qtr 1,No
tt0449994,2008,2008-02-15,February,Friday,Qtr 1,No
tt1508259,2008,2008-02-15,February,Friday,Qtr 1,No
tt1216276,2008,2008-03-14,March,Friday,Qtr 1,No
tt1017456,2008,2008-03-21,March,Friday,Qtr 1,No
tt1176960,2008,2008-03-28,March,Friday,Qtr 1,No
tt1214948,2008,2008-04-04,April,Friday,Qtr 2,No
tt1101665,2008,2008-04-04,April,Friday,Qtr 2,No
tt1039995,2008,2008-04-11,April,Friday,Qtr 2,No
tt1182908,2008,2008-04-11,April,Friday,Qtr 2,No
tt0459423,2008,2008-04-11,April,Friday,Qtr 2,No
tt1217608,2008,2008-04-22,April,Tuesday,Qtr 2,No
tt1224454,2008,2008-04-25,April,Friday,Qtr 2,No
tt0995752,2008,2008-04-25,April,Friday,Qtr 2,No
tt1228744,2008,2008-05-02,May,Friday,Qtr 2,No
tt1228726,2008,2008-05-02,May,Friday,Qtr 2,No
tt0885398,2008,2008-05-02,May,Friday,Qtr 2,No
tt1228707,2008,2008-05-09,May,Friday,Qtr 2,No
tt0991346,2008,2008-05-09,May,Friday,Qtr 2,No
tt1216300,2008,2008-05-16,May,Friday,Qtr 2,No
tt1238735,2008,2008-05-23,May,Friday,Qtr 2,No
tt1079967,2008,2008-05-23,May,Friday,Qtr 2,No
tt1446055,2008,2008-05-23,May,Friday,Qtr 2,No
tt1043876,2008,2008-05-30,May,Friday,Qtr 2,No
tt0490210,2008,2008-06-06,June,Friday,Qtr 2,No
tt1241195,2008,2008-06-06,June,Friday,Qtr 2,No
tt1260689,2008,2008-06-13,June,Friday,Qtr 2,No
tt1170404,2008,2008-06-13,June,Friday,Qtr 2,No
tt1252488,2008,2008-06-20,June,Friday,Qtr 2,No
tt1252562,2008,2008-06-20,June,Friday,Qtr 2,No
tt1024839,2008,2008-06-20,June,Friday,Qtr 2,No
tt1267400,2008,2008-06-23,June,Monday,Qtr 2,No
tt1220718,2008,2008-06-27,June,Friday,Qtr 2,No
tt1191138,2008,2008-06-28,June,Saturday,Qtr 2,No
tt0473367,2008,2008-07-04,July,Friday,Qtr 3,Yes
tt0490170,2008,2008-07-04,July,Friday,Qtr 3,Yes
tt1234250,2008,2008-07-11,July,Friday,Qtr 3,No
tt1242843,2008,2008-07-18,July,Friday,Qtr 3,No
tt1105733,2008,2008-07-18,July,Friday,Qtr 3,No
tt1126516,2008,2008-07-25,July,Friday,Qtr 3,No
tt1179781,2008,2008-07-25,July,Friday,Qtr 3,No
tt1132606,2008,2008-08-01,August,Friday,Qtr 3,No
tt1961330,2008,2008-08-08,August,Friday,Qtr 3,No
tt1146325,2008,2008-08-08,August,Friday,Qtr 3,No
tt1182972,2008,2008-08-15,August,Friday,Qtr 3,No
tt0476550,2008,2008-08-15,August,Friday,Qtr 3,No
tt1132595,2008,2008-08-22,August,Friday,Qtr 3,No
tt1287847,2008,2008-08-22,August,Friday,Qtr 3,No
tt1283926,2008,2008-08-22,August,Friday,Qtr 3,No
tt1267500,2008,2008-08-22,August,Friday,Qtr 3,No
tt1266583,2008,2008-08-22,August,Friday,Qtr 3,No
tt1266545,2008,2008-08-29,August,Friday,Qtr 3,No
tt1230165,2008,2008-08-29,August,Friday,Qtr 3,No
tt1170399,2008,2008-08-29,August,Friday,Qtr 3,No
tt1132589,2008,2008-09-05,September,Friday,Qtr 3,No
tt1280558,2008,2008-09-05,September,Friday,Qtr 3,No
tt1314367,2008,2008-09-12,September,Friday,Qtr 3,No
tt1301698,2008,2008-09-12,September,Friday,Qtr 3,No
tt1241334,2008,2008-09-19,September,Friday,Qtr 3,No
tt1221139,2008,2008-09-19,September,Friday,Qtr 3,No
tt1314274,2008,2008-09-19,September,Friday,Qtr 3,No
tt1255873,2008,2008-09-24,September,Wednesday,Qtr 3,No
tt1324025,2008,2008-09-26,September,Friday,Qtr 3,No
tt2241224,2008,2008-10-01,October,Wednesday,Qtr 4,No
tt1060249,2008,2008-10-02,October,Thursday,Qtr 4,No
tt1034449,2008,2008-10-02,October,Thursday,Qtr 4,No
tt1087856,2008,2008-10-10,October,Friday,Qtr 4,No
tt1156148,2008,2008-10-17,October,Friday,Qtr 4,No
tt1114725,2008,2008-10-24,October,Friday,Qtr 4,No
tt1050739,2008,2008-10-24,October,Friday,Qtr 4,No
tt0964516,2008,2008-10-29,October,Wednesday,Qtr 4,No
tt1092005,2008,2008-10-29,October,Wednesday,Qtr 4,No
tt2613380,2008,2008-11-04,November,Tuesday,Qtr 4,No
tt1221133,2008,2008-11-07,November,Friday,Qtr 4,No
tt1194608,2008,2008-11-07,November,Friday,Qtr 4,No
tt1288638,2008,2008-11-07,November,Friday,Qtr 4,No
tt1185420,2008,2008-11-14,November,Friday,Qtr 4,No
tt0882969,2008,2008-11-16,November,Sunday,Qtr 4,No
tt1105747,2008,2008-11-21,November,Friday,Qtr 4,No
tt1292703,2008,2008-11-28,November,Friday,Qtr 4,No
tt1327833,2008,2008-11-28,November,Friday,Qtr 4,No
tt1372694,2008,2008-12-05,December,Friday,Qtr 4,No
tt1218345,2008,2008-12-05,December,Friday,Qtr 4,No
tt1024852,2008,2008-12-05,December,Friday,Qtr 4,No
tt1334254,2008,2008-12-05,December,Friday,Qtr 4,No
tt1182937,2008,2008-12-12,December,Friday,Qtr 4,No
tt1372304,2008,2008-12-19,December,Friday,Qtr 4,No
tt1166100,2008,2008-12-25,December,Thursday,Qtr 4,Yes
tt1334413,2008,2008-12-25,December,Thursday,Qtr 4,Yes
tt1218038,2009,2009-01-09,January,Friday,Qtr 1,No
tt1199490,2009,2009-01-09,January,Friday,Qtr 1,No
tt1091229,2009,2009-01-16,January,Friday,Qtr 1,No
tt1340838,2009,2009-01-23,January,Friday,Qtr 1,No
tt1252594,2009,2009-01-23,January,Friday,Qtr 1,No
tt1170411,2009,2009-01-30,January,Friday,Qtr 1,No
tt0886539,2009,2009-01-30,January,Friday,Qtr 1,No
tt1288644,2009,2009-02-06,February,Friday,Qtr 1,No
tt1327035,2009,2009-02-06,February,Friday,Qtr 1,No
tt1438486,2009,2009-02-06,February,Friday,Qtr 1,No
tt1230448,2009,2009-02-13,February,Friday,Qtr 1,No
tt1183946,2009,2009-02-13,February,Friday,Qtr 1,No
tt2066899,2009,2009-02-13,February,Friday,Qtr 1,No
tt1043451,2009,2009-02-20,February,Friday,Qtr 1,No
tt1391894,2009,2009-02-27,February,Friday,Qtr 1,No
tt0438894,2009,2009-02-27,February,Friday,Qtr 1,No
tt1391544,2009,2009-03-06,March,Friday,Qtr 1,No
tt1385824,2009,2009-03-06,March,Friday,Qtr 1,No
tt1369669,2009,2009-03-11,March,Wednesday,Qtr 1,No
tt1261047,2009,2009-03-13,March,Friday,Qtr 1,No
tt1372266,2009,2009-03-20,March,Friday,Qtr 1,No
tt2064852,2009,2009-03-20,March,Friday,Qtr 1,No
tt1399602,2009,2009-03-20,March,Friday,Qtr 1,No
tt1305840,2009,2009-03-20,March,Friday,Qtr 1,No
tt1372681,2009,2009-03-27,March,Friday,Qtr 1,No
tt1454461,2009,2009-03-27,March,Friday,Qtr 1,No
tt1105709,2009,2009-04-03,April,Friday,Qtr 2,No
tt1420539,2009,2009-04-10,April,Friday,Qtr 2,No
tt1431729,2009,2009-05-01,May,Friday,Qtr 2,No
tt1370429,2009,2009-05-15,May,Friday,Qtr 2,No
tt1970029,2009,2009-05-15,May,Friday,Qtr 2,No
tt0893585,2009,2009-05-22,May,Friday,Qtr 2,No
tt1456946,2009,2009-06-05,June,Friday,Qtr 2,No
tt1454567,2009,2009-06-05,June,Friday,Qtr 2,No
tt2058651,2009,2009-06-05,June,Friday,Qtr 2,No
tt1324078,2009,2009-06-12,June,Friday,Qtr 2,No
tt1479857,2009,2009-06-12,June,Friday,Qtr 2,No
tt1176961,2009,2009-06-19,June,Friday,Qtr 2,No
tt1562361,2009,2009-06-19,June,Friday,Qtr 2,No
tt1328634,2009,2009-06-26,June,Friday,Qtr 2,No
tt1144804,2009,2009-07-03,July,Friday,Qtr 3,Yes
tt1252614,2009,2009-07-10,July,Friday,Qtr 3,No
tt1501301,2009,2009-07-10,July,Friday,Qtr 3,No
tt1985058,2009,2009-07-17,July,Friday,Qtr 3,No
tt1603862,2009,2009-07-17,July,Friday,Qtr 3,No
tt1242782,2009,2009-07-31,July,Friday,Qtr 3,No
tt1275863,2009,2009-07-31,July,Friday,Qtr 3,No
tt1986788,2009,2009-08-07,August,Friday,Qtr 3,No
tt1415252,2009,2009-08-07,August,Friday,Qtr 3,No
tt1485072,2009,2009-08-07,August,Friday,Qtr 3,No
tt1274295,2009,2009-08-14,August,Friday,Qtr 3,No
tt1278447,2009,2009-08-21,August,Friday,Qtr 3,No
tt1474271,2009,2009-08-28,August,Friday,Qtr 3,No
tt1404573,2009,2009-08-28,August,Friday,Qtr 3,No
tt1992257,2009,2009-08-28,August,Friday,Qtr 3,No
tt1176911,2009,2009-08-28,August,Friday,Qtr 3,No
tt1479667,2009,2009-09-04,September,Friday,Qtr 3,No
tt1995257,2009,2009-09-04,September,Friday,Qtr 3,No
tt1324076,2009,2009-09-04,September,Friday,Qtr 3,No
tt1388424,2009,2009-09-04,September,Friday,Qtr 3,No
tt1995245,2009,2009-09-11,September,Friday,Qtr 3,No
tt1508950,2009,2009-09-11,September,Friday,Qtr 3,No
tt1512321,2009,2009-09-11,September,Friday,Qtr 3,No
tt1202540,2009,2009-09-18,September,Friday,Qtr 3,No
tt1084972,2009,2009-09-18,September,Friday,Qtr 3,No
tt1334437,2009,2009-09-18,September,Friday,Qtr 3,No
tt1442570,2009,2009-09-25,September,Friday,Qtr 3,No
tt1242530,2009,2009-10-02,October,Friday,Qtr 4,No
tt1324059,2009,2009-10-02,October,Friday,Qtr 4,No
tt1343362,2009,2009-10-02,October,Friday,Qtr 4,No
tt2138010,2009,2009-10-09,October,Friday,Qtr 4,No
tt1201557,2009,2009-10-09,October,Friday,Qtr 4,No
tt1433905,2009,2009-10-16,October,Friday,Qtr 4,No
tt1202517,2009,2009-10-16,October,Friday,Qtr 4,No
tt1223922,2009,2009-10-16,October,Friday,Qtr 4,No
tt1174041,2009,2009-10-16,October,Friday,Qtr 4,No
tt0486615,2009,2009-10-30,October,Friday,Qtr 4,No
tt1227762,2009,2009-10-30,October,Friday,Qtr 4,No
tt1587388,2009,2009-11-01,November,Sunday,Qtr 4,No
tt1252596,2009,2009-11-06,November,Friday,Qtr 4,No
tt1245774,2009,2009-11-06,November,Friday,Qtr 4,No
tt1538210,2009,2009-11-13,November,Friday,Qtr 4,No
tt1522329,2009,2009-11-13,November,Friday,Qtr 4,No
tt1185442,2009,2009-11-20,November,Friday,Qtr 4,No
tt1255951,2009,2009-11-27,November,Friday,Qtr 4,No
tt1532957,2009,2009-12-04,December,Friday,Qtr 4,No
tt1434447,2009,2009-12-11,December,Friday,Qtr 4,No
tt1118646,2009,2009-12-18,December,Friday,Qtr 4,No
tt1591615,2009,2009-12-18,December,Friday,Qtr 4,No
tt1187043,2009,2009-12-25,December,Friday,Qtr 4,Yes
tt1570417,2010,2009-12-31,December,Thursday,Qtr 4,No
tt1351224,2010,2010-01-08,January,Friday,Qtr 1,No
tt1182884,2010,2010-01-08,January,Friday,Qtr 1,No
tt1392744,2010,2010-01-15,January,Friday,Qtr 1,No
tt1673391,2010,2010-01-15,January,Friday,Qtr 1,No
tt1620697,2010,2010-01-15,January,Friday,Qtr 1,No
tt1948640,2010,2010-01-16,January,Saturday,Qtr 1,No
tt1185412,2010,2010-01-22,January,Friday,Qtr 1,No
tt1471247,2010,2010-01-29,January,Friday,Qtr 1,No
tt1451797,2010,2010-01-29,January,Friday,Qtr 1,No
tt1345777,2010,2010-01-29,January,Friday,Qtr 1,No
tt1573482,2010,2010-02-05,February,Friday,Qtr 1,No
tt1188996,2010,2010-02-12,February,Friday,Qtr 1,No
tt1596723,2010,2010-02-19,February,Friday,Qtr 1,No
tt1605778,2010,2010-02-19,February,Friday,Qtr 1,No
tt1606162,2010,2010-02-19,February,Friday,Qtr 1,No
tt1183917,2010,2010-02-26,February,Friday,Qtr 1,No
tt1610418,2010,2010-02-26,February,Friday,Qtr 1,No
tt1373156,2010,2010-02-26,February,Friday,Qtr 1,No
tt1612573,2010,2010-03-05,March,Friday,Qtr 1,No
tt1578116,2010,2010-03-05,March,Friday,Qtr 1,No
tt1625331,2010,2010-03-05,March,Friday,Qtr 1,No
tt1633250,2010,2010-03-12,March,Friday,Qtr 1,No
tt1620907,2010,2010-03-12,March,Friday,Qtr 1,No
tt1629424,2010,2010-03-12,March,Friday,Qtr 1,No
tt1608777,2010,2010-03-19,March,Friday,Qtr 1,No
tt1285245,2010,2010-03-19,March,Friday,Qtr 1,No
tt1600439,2010,2010-03-19,March,Friday,Qtr 1,No
tt1612761,2010,2010-03-19,March,Friday,Qtr 1,No
tt1607607,2010,2010-03-19,March,Friday,Qtr 1,No
tt1465493,2010,2010-03-26,March,Friday,Qtr 1,No
tt1607600,2010,2010-03-26,March,Friday,Qtr 1,No
tt1796564,2010,2010-03-26,March,Friday,Qtr 1,No
tt2011871,2010,2010-03-28,March,Sunday,Qtr 1,No
tt1608768,2010,2010-04-01,April,Thursday,Qtr 2,No
tt1183944,2010,2010-04-02,April,Friday,Qtr 2,No
tt1442583,2010,2010-04-02,April,Friday,Qtr 2,No
tt1124386,2010,2010-04-02,April,Friday,Qtr 2,No
tt1194232,2010,2010-04-09,April,Friday,Qtr 2,No
tt1455816,2010,2010-04-09,April,Friday,Qtr 2,No
tt1620620,2010,2010-04-09,April,Friday,Qtr 2,No
tt1612611,2010,2010-04-16,April,Friday,Qtr 2,No
tt1194236,2010,2010-04-16,April,Friday,Qtr 2,No
tt1633171,2010,2010-04-23,April,Friday,Qtr 2,No
tt1633226,2010,2010-04-23,April,Friday,Qtr 2,No
tt1425618,2010,2010-04-23,April,Friday,Qtr 2,No
tt1573072,2010,2010-04-30,April,Friday,Qtr 2,No
tt1594964,2010,2010-04-30,April,Friday,Qtr 2,No
tt1602476,2010,2010-05-07,May,Friday,Qtr 2,No
tt1673411,2010,2010-05-14,May,Friday,Qtr 2,No
tt1937455,2010,2010-05-14,May,Friday,Qtr 2,No
tt1629241,2010,2010-05-14,May,Friday,Qtr 2,No
tt1198101,2010,2010-05-21,May,Friday,Qtr 2,No
tt1291465,2010,2010-06-04,June,Friday,Qtr 2,No
tt1629260,2010,2010-06-11,June,Friday,Qtr 2,No
tt1912483,2010,2010-06-11,June,Friday,Qtr 2,No
tt1334470,2010,2010-06-18,June,Friday,Qtr 2,No
tt1646217,2010,2010-06-25,June,Friday,Qtr 2,No
tt1408029,2010,2010-06-25,June,Friday,Qtr 2,No
tt1908463,2010,2010-07-02,July,Friday,Qtr 3,No
tt1667838,2010,2010-07-02,July,Friday,Qtr 3,No
tt0443331,2010,2010-07-09,July,Friday,Qtr 3,No
tt1629391,2010,2010-07-16,July,Friday,Qtr 3,No
tt1639426,2010,2010-07-16,July,Friday,Qtr 3,No
tt1309561,2010,2010-07-16,July,Friday,Qtr 3,No
tt1455811,2010,2010-07-23,July,Friday,Qtr 3,No
tt1395054,2010,2010-07-30,July,Friday,Qtr 3,No
tt1509732,2010,2010-08-06,August,Friday,Qtr 3,No
tt1663647,2010,2010-08-13,August,Friday,Qtr 3,No
tt1447508,2010,2010-08-13,August,Friday,Qtr 3,No
tt1606267,2010,2010-08-20,August,Friday,Qtr 3,No
tt1227524,2010,2010-08-27,August,Friday,Qtr 3,No
tt1191118,2010,2010-08-27,August,Friday,Qtr 3,No
tt1649760,2010,2010-09-03,September,Friday,Qtr 3,No
tt1929309,2010,2010-09-03,September,Friday,Qtr 3,No
tt1428459,2010,2010-09-10,September,Friday,Qtr 3,No
tt1620719,2010,2010-09-10,September,Friday,Qtr 3,No
tt1745753,2010,2010-09-17,September,Friday,Qtr 3,No
tt1630613,2010,2010-09-27,September,Monday,Qtr 3,No
tt1738293,2010,2010-10-01,October,Friday,Qtr 4,No
tt1740662,2010,2010-10-01,October,Friday,Qtr 4,No
tt1499201,2010,2010-10-01,October,Friday,Qtr 4,No
tt1714832,2010,2010-10-08,October,Friday,Qtr 4,No
tt1753640,2010,2010-10-08,October,Friday,Qtr 4,No
tt1772762,2010,2010-10-08,October,Friday,Qtr 4,No
tt1633212,2010,2010-10-15,October,Friday,Qtr 4,No
tt1708453,2010,2010-10-15,October,Friday,Qtr 4,No
tt1744641,2010,2010-10-15,October,Friday,Qtr 4,No
tt1558578,2010,2010-10-15,October,Friday,Qtr 4,No
tt1740670,2010,2010-10-22,October,Friday,Qtr 4,No
tt1388903,2010,2010-10-22,October,Friday,Qtr 4,No
tt1244093,2010,2010-10-22,October,Friday,Qtr 4,No
tt1935184,2010,2010-10-29,October,Friday,Qtr 4,No
tt1668078,2010,2010-10-29,October,Friday,Qtr 4,No
tt1562859,2010,2010-11-05,November,Friday,Qtr 4,No
tt1396208,2010,2010-11-05,November,Friday,Qtr 4,No
tt1279105,2010,2010-11-12,November,Friday,Qtr 4,No
tt0988655,2010,2010-11-12,November,Friday,Qtr 4,No
tt1742307,2010,2010-11-12,November,Friday,Qtr 4,No
tt1773042,2010,2010-11-19,November,Friday,Qtr 4,No
tt1438298,2010,2010-11-19,November,Friday,Qtr 4,No
tt1740017,2010,2010-11-26,November,Friday,Qtr 4,No
tt1578261,2010,2010-11-26,November,Friday,Qtr 4,No
tt1920986,2010,2010-11-26,November,Friday,Qtr 4,No
tt1292642,2010,2010-11-26,November,Friday,Qtr 4,No
tt1773015,2010,2010-12-03,December,Friday,Qtr 4,No
tt1637691,2010,2010-12-03,December,Friday,Qtr 4,No
tt1610452,2010,2010-12-10,December,Friday,Qtr 4,No
tt1431122,2010,2010-12-10,December,Friday,Qtr 4,No
tt1808221,2010,2010-12-17,December,Friday,Qtr 4,No
tt1189006,2010,2010-12-24,December,Friday,Qtr 4,Yes
tt1781838,2010,2010-12-24,December,Friday,Qtr 4,Yes
tt1572311,2010,2010-12-24,December,Friday,Qtr 4,Yes
tt1807978,2010,2010-12-31,December,Friday,Qtr 4,Yes
tt1899342,2011,2011-01-07,January,Friday,Qtr 1,No
tt1734110,2011,2011-01-07,January,Friday,Qtr 1,No
tt1948047,2011,2011-01-07,January,Friday,Qtr 1,No
tt1900937,2011,2011-01-14,January,Friday,Qtr 1,No
tt1773109,2011,2011-01-14,January,Friday,Qtr 1,No
tt1666184,2011,2011-01-14,January,Friday,Qtr 1,No
tt1825801,2011,2011-01-21,January,Friday,Qtr 1,No
tt1433810,2010,2011-01-21,January,Friday,Qtr 1,No
tt1727496,2011,2011-01-27,January,Thursday,Qtr 1,No
tt1809399,2011,2011-02-01,February,Tuesday,Qtr 1,No
tt1825655,2011,2011-02-04,February,Friday,Qtr 1,No
tt1754920,2011,2011-02-04,February,Friday,Qtr 1,No
tt1821692,2011,2011-02-04,February,Friday,Qtr 1,No
tt1905076,2011,2011-02-04,February,Friday,Qtr 1,No
tt1814619,2011,2011-02-11,February,Friday,Qtr 1,No
tt1535467,2011,2011-02-11,February,Friday,Qtr 1,No
tt1629376,2011,2011-02-18,February,Friday,Qtr 1,No
tt1836015,2011,2011-02-18,February,Friday,Qtr 1,No
tt1896781,2011,2011-02-18,February,Friday,Qtr 1,No
tt1694542,2011,2011-02-25,February,Friday,Qtr 1,No
tt1886663,2011,2011-02-25,February,Friday,Qtr 1,No
tt1221142,2011,2011-03-01,March,Tuesday,Qtr 1,No
tt1797548,2011,2011-03-04,March,Friday,Qtr 1,No
tt1465488,2011,2011-03-25,March,Friday,Qtr 1,No
tt1887817,2011,2011-03-25,March,Friday,Qtr 1,No
tt1667076,2011,2011-04-01,April,Friday,Qtr 2,No
tt1772872,2011,2011-04-01,April,Friday,Qtr 2,No
tt1720254,2011,2011-04-08,April,Friday,Qtr 2,No
tt1867070,2011,2011-04-15,April,Friday,Qtr 2,No
tt1674068,2011,2011-04-20,April,Wednesday,Qtr 2,No
tt1605790,2011,2011-04-22,April,Friday,Qtr 2,No
tt1618430,2011,2011-04-22,April,Friday,Qtr 2,No
tt1916728,2011,2011-04-28,April,Thursday,Qtr 2,No
tt1363125,2011,2011-04-29,April,Friday,Qtr 2,No
tt1884268,2011,2011-04-29,April,Friday,Qtr 2,No
tt1907721,2011,2011-04-29,April,Friday,Qtr 2,No
tt1921071,2011,2011-04-29,April,Friday,Qtr 2,No
tt1887763,2011,2011-05-06,May,Friday,Qtr 2,No
tt1918927,2011,2011-05-06,May,Friday,Qtr 2,No
tt1890513,2011,2011-05-13,May,Friday,Qtr 2,No
tt1828289,2011,2011-05-13,May,Friday,Qtr 2,No
tt1883121,2011,2011-05-20,May,Friday,Qtr 2,No
tt1918650,2011,2011-05-20,May,Friday,Qtr 2,No
tt1926313,2011,2011-05-20,May,Friday,Qtr 2,No
tt1942905,2011,2011-05-27,May,Friday,Qtr 2,No
tt1708532,2011,2011-06-03,June,Friday,Qtr 2,No
tt1836912,2011,2011-06-10,June,Friday,Qtr 2,No
tt1964886,2011,2011-06-10,June,Friday,Qtr 2,No
tt1939654,2011,2011-06-17,June,Friday,Qtr 2,No
tt1999857,2011,2011-06-17,June,Friday,Qtr 2,No
tt1667823,2011,2011-06-17,June,Friday,Qtr 2,No
tt1937092,2011,2011-06-17,June,Friday,Qtr 2,No
tt1947973,2011,2011-06-17,June,Friday,Qtr 2,No
tt1869296,2011,2011-07-01,July,Friday,Qtr 3,No
tt1934231,2011,2011-07-01,July,Friday,Qtr 3,No
tt1841542,2011,2011-07-08,July,Friday,Qtr 3,No
tt1918965,2011,2011-07-08,July,Friday,Qtr 3,No
tt1562872,2011,2011-07-15,July,Friday,Qtr 3,No
tt1918641,2011,2011-07-15,July,Friday,Qtr 3,No
tt1948150,2011,2011-07-22,July,Friday,Qtr 3,No
tt1980970,2011,2011-07-29,July,Friday,Qtr 3,No
tt2012576,2011,2011-07-29,July,Friday,Qtr 3,No
tt1801521,2011,2011-07-29,July,Friday,Qtr 3,No
tt1979209,2011,2011-08-05,August,Friday,Qtr 3,No
tt2033264,2011,2011-08-05,August,Friday,Qtr 3,No
tt2016845,2011,2011-08-05,August,Friday,Qtr 3,No
tt2308829,2011,2011-08-05,August,Friday,Qtr 3,No
tt2023645,2011,2011-08-12,August,Friday,Qtr 3,No
tt1848771,2011,2011-08-12,August,Friday,Qtr 3,No
tt1630282,2011,2011-08-19,August,Friday,Qtr 3,No
tt1363363,2011,2011-08-19,August,Friday,Qtr 3,No
tt1999935,2011,2011-08-19,August,Friday,Qtr 3,No
tt1740092,2011,2011-08-26,August,Friday,Qtr 3,No
tt2028553,2011,2011-08-26,August,Friday,Qtr 3,No
tt2032530,2011,2011-08-26,August,Friday,Qtr 3,No
tt1729637,2011,2011-08-31,August,Wednesday,Qtr 3,No
tt2066925,2011,2011-08-31,August,Wednesday,Qtr 3,No
tt1740710,2011,2011-09-09,September,Friday,Qtr 3,No
tt2046106,2011,2011-09-16,September,Friday,Qtr 3,No
tt1643242,2011,2011-09-16,September,Friday,Qtr 3,No
tt2073070,2011,2011-09-23,September,Friday,Qtr 3,No
tt1847736,2011,2011-09-23,September,Friday,Qtr 3,No
tt1627924,2011,2011-09-23,September,Friday,Qtr 3,No
tt2034011,2011,2011-09-30,September,Friday,Qtr 3,No
tt1992138,2011,2011-09-30,September,Friday,Qtr 3,No
tt1368453,2011,2011-09-30,September,Friday,Qtr 3,No
tt1696191,2011,2011-09-30,September,Friday,Qtr 3,No
tt1830786,2011,2011-10-06,October,Thursday,Qtr 4,No
tt1877691,2011,2011-10-07,October,Friday,Qtr 4,No
tt1941657,2011,2011-10-07,October,Friday,Qtr 4,No
tt2084863,2011,2011-10-14,October,Friday,Qtr 4,No
tt2043923,2011,2011-10-14,October,Friday,Qtr 4,No
tt2033947,2011,2011-10-14,October,Friday,Qtr 4,No
tt2057441,2011,2011-10-14,October,Friday,Qtr 4,No
tt1512220,2011,2011-10-21,October,Friday,Qtr 4,No
tt1562871,2011,2011-10-26,October,Wednesday,Qtr 4,No
tt1503640,2011,2011-10-27,October,Thursday,Qtr 4,No
tt1961530,2011,2011-10-27,October,Thursday,Qtr 4,No
tt0847180,2011,2011-11-04,November,Friday,Qtr 4,No
tt2104937,2011,2011-11-04,November,Friday,Qtr 4,No
tt1839596,2011,2011-11-11,November,Friday,Qtr 4,Yes
tt2109200,2011,2011-11-18,November,Friday,Qtr 4,No
tt1985981,2011,2011-11-25,November,Friday,Qtr 4,No
tt1954206,2011,2011-12-02,December,Friday,Qtr 4,No
tt1954598,2011,2011-12-09,December,Friday,Qtr 4,No
tt2137064,2011,2011-12-09,December,Friday,Qtr 4,No
tt1893409,2011,2011-12-09,December,Friday,Qtr 4,No
tt2112978,2011,2011-12-16,December,Friday,Qtr 4,No
tt1285241,2011,2011-12-23,December,Friday,Qtr 4,No
tt1630590,2011,2011-12-30,December,Friday,Qtr 4,No
tt1784589,2012,2012-01-06,January,Friday,Qtr 1,No
tt2184125,2012,2012-01-13,January,Friday,Qtr 1,No
tt2175671,2012,2012-01-13,January,Friday,Qtr 1,No
tt2224541,2012,2012-01-13,January,Friday,Qtr 1,No
tt1849718,2012,2012-01-26,January,Thursday,Qtr 1,No
tt2188749,2012,2012-02-03,February,Friday,Qtr 1,No
tt2188893,2012,2012-02-03,February,Friday,Qtr 1,No
tt1774473,2012,2012-02-03,February,Friday,Qtr 1,No
tt1703958,2012,2012-02-10,February,Friday,Qtr 1,No
tt2378057,2012,2012-02-17,February,Friday,Qtr 1,No
tt2126282,2012,2012-02-17,February,Friday,Qtr 1,No
tt2130242,2012,2012-02-24,February,Friday,Qtr 1,No
tt2064849,2012,2012-03-02,March,Friday,Qtr 1,No
tt1814683,2012,2012-03-02,March,Friday,Qtr 1,No
tt2191721,2012,2012-03-02,March,Friday,Qtr 1,No
tt2191641,2012,2012-03-09,March,Friday,Qtr 1,No
tt1821480,2012,2012-03-09,March,Friday,Qtr 1,No
tt2164702,2012,2012-03-16,March,Friday,Qtr 1,No
tt3211170,2012,2012-03-16,March,Friday,Qtr 1,No
tt1395025,2012,2012-03-23,March,Friday,Qtr 1,No
tt2246595,2012,2012-03-30,March,Friday,Qtr 1,No
tt2265191,2012,2012-03-30,March,Friday,Qtr 1,No
tt1980986,2012,2012-04-05,April,Thursday,Qtr 2,No
tt2343417,2012,2012-04-12,April,Thursday,Qtr 2,No
tt2347289,2012,2012-04-13,April,Friday,Qtr 2,No
tt2327389,2012,2012-04-20,April,Friday,Qtr 2,No
tt2317337,2012,2012-04-20,April,Friday,Qtr 2,No
tt2309987,2012,2012-04-20,April,Friday,Qtr 2,No
tt1706317,2012,2012-04-26,April,Thursday,Qtr 2,No
tt2319889,2012,2012-05-04,May,Friday,Qtr 2,No
tt2332705,2012,2012-05-05,May,Saturday,Qtr 2,No
tt2308773,2012,2012-05-11,May,Friday,Qtr 2,No
tt2186731,2012,2012-05-18,May,Friday,Qtr 2,No
tt2798620,2012,2012-05-18,May,Friday,Qtr 2,No
tt2404027,2012,2012-05-25,May,Friday,Qtr 2,No
tt2077833,2012,2012-06-01,June,Friday,Qtr 2,No
tt2072227,2012,2012-06-08,June,Friday,Qtr 2,No
tt2122340,2012,2012-06-15,June,Friday,Qtr 2,No
tt2207668,2012,2012-06-15,June,Friday,Qtr 2,No
tt1852076,2012,2012-06-15,June,Friday,Qtr 2,No
tt2354407,2012,2012-06-22,June,Friday,Qtr 2,No
tt2339549,2012,2012-06-29,June,Friday,Qtr 2,No
tt2224254,2012,2012-06-29,June,Friday,Qtr 2,No
tt2190256,2012,2012-06-29,June,Friday,Qtr 2,No
tt2404673,2012,2012-06-29,June,Friday,Qtr 2,No
tt1728986,2012,2012-07-06,July,Friday,Qtr 3,No
tt2234328,2012,2012-07-11,July,Wednesday,Qtr 3,No
tt2168910,2012,2012-07-13,July,Friday,Qtr 3,No
tt2251552,2012,2012-07-20,July,Friday,Qtr 3,No
tt2232524,2012,2012-07-20,July,Friday,Qtr 3,No
tt2236494,2012,2012-07-23,July,Monday,Qtr 3,No
tt2027138,2012,2012-07-27,July,Friday,Qtr 3,No
tt2243336,2012,2012-07-27,July,Friday,Qtr 3,No
tt1954470,2012,2012-08-02,August,Thursday,Qtr 3,No
tt2226666,2012,2012-08-03,August,Friday,Qtr 3,No
tt2321492,2012,2012-08-03,August,Friday,Qtr 3,No
tt2155776,2012,2012-08-03,August,Friday,Qtr 3,No
tt2016894,2012,2012-08-15,August,Wednesday,Qtr 3,No
tt2306721,2012,2012-08-20,August,Monday,Qtr 3,No
tt2187972,2012,2012-08-24,August,Friday,Qtr 3,No
tt2185084,2012,2012-08-31,August,Friday,Qtr 3,No
tt1918886,2012,2012-08-31,August,Friday,Qtr 3,No
tt2140315,2012,2012-09-07,September,Friday,Qtr 3,No
tt2367056,2012,2012-09-07,September,Friday,Qtr 3,No
tt2082197,2012,2012-09-14,September,Friday,Qtr 3,No
tt2294685,2012,2012-09-14,September,Friday,Qtr 3,No
tt1949548,2012,2012-09-21,September,Friday,Qtr 3,No
tt2278422,2012,2012-09-28,September,Friday,Qtr 3,No
tt2387495,2012,2012-10-01,October,Monday,Qtr 4,No
tt2181931,2012,2012-10-05,October,Friday,Qtr 4,No
tt2402131,2012,2012-10-05,October,Friday,Qtr 4,No
tt2188805,2012,2012-10-12,October,Friday,Qtr 4,No
tt2255934,2012,2012-10-12,October,Friday,Qtr 4,No
tt2406636,2012,2012-10-12,October,Friday,Qtr 4,No
tt1785333,2012,2012-10-12,October,Friday,Qtr 4,No
tt2193145,2012,2012-10-12,October,Friday,Qtr 4,No
tt2353824,2012,2012-10-18,October,Thursday,Qtr 4,No
tt2172071,2012,2012-10-19,October,Friday,Qtr 4,No
tt2292625,2012,2012-10-24,October,Wednesday,Qtr 4,No
tt2356959,2012,2012-10-24,October,Wednesday,Qtr 4,No
tt2256514,2012,2012-10-26,October,Friday,Qtr 4,No
tt2222550,2012,2012-11-02,November,Friday,Qtr 4,No
tt2317103,2012,2012-11-02,November,Friday,Qtr 4,No
tt1956433,2012,2012-11-02,November,Friday,Qtr 4,No
tt3211088,2012,2012-11-02,November,Friday,Qtr 4,No
tt2186933,2012,2012-11-02,November,Friday,Qtr 4,No
tt2253708,2012,2012-11-02,November,Friday,Qtr 4,No
tt2946506,2012,2012-11-09,November,Friday,Qtr 4,No
tt2176013,2012,2012-11-13,November,Tuesday,Qtr 4,No
tt2178508,2012,2012-11-13,November,Tuesday,Qtr 4,No
tt1787988,2012,2012-11-30,November,Friday,Qtr 4,No
tt2166214,2012,2012-12-07,December,Friday,Qtr 4,No
tt1172587,2012,2012-12-07,December,Friday,Qtr 4,No
tt2346744,2012,2012-12-14,December,Friday,Qtr 4,No
tt2210576,2012,2012-12-14,December,Friday,Qtr 4,No
tt2112131,2012,2012-12-21,December,Friday,Qtr 4,No
tt2246533,2012,2012-12-28,December,Friday,Qtr 4,No
tt2560016,2013,2013-01-04,January,Friday,Qtr 1,No
tt2613942,2013,2013-01-04,January,Friday,Qtr 1,No
tt2229842,2013,2013-01-04,January,Friday,Qtr 1,No
tt2354223,2012,2013-01-06,January,Sunday,Qtr 1,No
tt2624852,2013,2013-01-11,January,Friday,Qtr 1,No
tt2106537,2013,2013-01-11,January,Friday,Qtr 1,No
tt2094854,2013,2013-01-18,January,Friday,Qtr 1,No
tt2318401,2013,2013-01-18,January,Friday,Qtr 1,No
tt1375789,2013,2013-01-25,January,Friday,Qtr 1,No
tt2423132,2013,2013-01-25,January,Friday,Qtr 1,No
tt2389486,2013,2013-02-01,February,Friday,Qtr 1,No
tt2224313,2013,2013-02-01,February,Friday,Qtr 1,No
tt2377938,2013,2013-02-08,February,Friday,Qtr 1,No
tt2321163,2013,2013-02-08,February,Friday,Qtr 1,No
tt2358412,2013,2013-02-08,February,Friday,Qtr 1,No
tt2429640,2013,2013-02-15,February,Friday,Qtr 1,No
tt2622130,2013,2013-02-15,February,Friday,Qtr 1,No
tt2402691,2013,2013-02-17,February,Sunday,Qtr 1,No
tt2213054,2013,2013-02-22,February,Friday,Qtr 1,No
tt2064816,2013,2013-03-01,March,Friday,Qtr 1,No
tt2635622,2013,2013-03-01,March,Friday,Qtr 1,No
tt2404187,2013,2013-03-01,March,Friday,Qtr 1,No
tt2362778,2013,2013-03-08,March,Friday,Qtr 1,No
tt2857500,2013,2013-03-08,March,Friday,Qtr 1,No
tt2621000,2013,2013-03-15,March,Friday,Qtr 1,No
tt2404519,2013,2013-03-15,March,Friday,Qtr 1,No
tt2323964,2013,2013-03-15,March,Friday,Qtr 1,No
tt2706264,2013,2013-03-21,March,Thursday,Qtr 1,No
tt2609468,2013,2013-03-22,March,Friday,Qtr 1,No
tt2389974,2013,2013-03-22,March,Friday,Qtr 1,No
tt2344678,2013,2013-03-29,March,Friday,Qtr 1,No
tt2633598,2013,2013-04-05,April,Friday,Qtr 2,No
tt2341766,2013,2013-04-12,April,Friday,Qtr 2,No
tt2406676,2013,2013-04-18,April,Thursday,Qtr 2,No
tt2826126,2013,2013-04-26,April,Friday,Qtr 2,No
tt2203308,2013,2013-04-26,April,Friday,Qtr 2,No
tt2797242,2013,2013-05-03,May,Friday,Qtr 2,No
tt3324810,2013,2013-05-03,May,Friday,Qtr 2,No
tt2301155,2013,2013-05-03,May,Friday,Qtr 2,No
tt3260588,2013,2013-05-03,May,Friday,Qtr 2,No
tt2436516,2013,2013-05-10,May,Friday,Qtr 2,No
tt2814372,2013,2013-05-10,May,Friday,Qtr 2,No
tt2804026,2013,2013-05-17,May,Friday,Qtr 2,No
tt2100543,2013,2013-05-24,May,Friday,Qtr 2,No
tt2929840,2013,2013-05-24,May,Friday,Qtr 2,No
tt1986040,2013,2013-05-24,May,Friday,Qtr 2,No
tt2178470,2013,2013-05-31,May,Friday,Qtr 2,No
tt2510874,2013,2013-06-07,June,Friday,Qtr 2,No
tt2589600,2013,2013-06-07,June,Friday,Qtr 2,No
tt2806788,2013,2013-06-14,June,Friday,Qtr 2,No
tt3527144,2013,2013-06-14,June,Friday,Qtr 2,No
tt3031896,2013,2013-06-14,June,Friday,Qtr 2,No
tt2912578,2013,2013-06-14,June,Friday,Qtr 2,No
tt2066062,2013,2013-06-21,June,Friday,Qtr 2,No
tt2941856,2013,2013-06-21,June,Friday,Qtr 2,No
tt2359810,2013,2013-06-21,June,Friday,Qtr 2,No
tt2246724,2013,2013-07-03,July,Wednesday,Qtr 3,No
tt2861320,2013,2013-07-05,July,Friday,Qtr 3,No
tt2224317,2013,2013-07-05,July,Friday,Qtr 3,No
tt2976172,2013,2013-07-12,July,Friday,Qtr 3,No
tt2356180,2013,2013-07-12,July,Friday,Qtr 3,No
tt3257168,2013,2013-07-12,July,Friday,Qtr 3,No
tt3045946,2013,2013-07-12,July,Friday,Qtr 3,No
tt2357926,2013,2013-07-19,July,Friday,Qtr 3,No
tt3044882,2013,2013-07-26,July,Friday,Qtr 3,No
tt2848824,2013,2013-07-26,July,Friday,Qtr 3,No
tt2215163,2013,2013-07-26,July,Friday,Qtr 3,No
tt2416294,2013,2013-08-02,August,Friday,Qtr 3,No
tt2337292,2013,2013-08-02,August,Friday,Qtr 3,No
tt2112124,2013,2013-08-08,August,Thursday,Qtr 3,No
tt1891884,2013,2013-08-15,August,Thursday,Qtr 3,No
tt2855648,2013,2013-08-23,August,Friday,Qtr 3,No
tt3160450,2013,2013-08-23,August,Friday,Qtr 3,No
tt2275802,2013,2013-08-30,August,Friday,Qtr 3,No
tt2988272,2013,2013-09-06,September,Friday,Qtr 3,No
tt2357489,2013,2013-09-06,September,Friday,Qtr 3,No
tt2699840,2013,2013-09-13,September,Friday,Qtr 3,No
tt2476154,2013,2013-09-13,September,Friday,Qtr 3,No
tt2615584,2013,2013-09-20,September,Friday,Qtr 3,No
tt2350496,2013,2013-09-20,September,Friday,Qtr 3,No
tt3169704,2013,2013-09-27,September,Friday,Qtr 3,No
tt2554042,2013,2013-09-27,September,Friday,Qtr 3,No
tt3138602,2013,2013-09-27,September,Friday,Qtr 3,No
tt2401719,2013,2013-09-27,September,Friday,Qtr 3,No
tt2576450,2013,2013-10-02,October,Wednesday,Qtr 4,No
tt2222716,2013,2013-10-11,October,Friday,Qtr 4,No
tt2571140,2013,2013-10-16,October,Wednesday,Qtr 4,No
tt3005850,2013,2013-10-25,October,Friday,Qtr 4,No
tt2796318,2013,2013-10-25,October,Friday,Qtr 4,No
tt1029231,2013,2013-11-01,November,Friday,Qtr 4,No
tt3059106,2013,2013-11-08,November,Friday,Qtr 4,No
tt2438764,2013,2013-11-15,November,Friday,Qtr 4,No
tt2215477,2013,2013-11-15,November,Friday,Qtr 4,No
tt2275794,2013,2013-11-22,November,Friday,Qtr 4,No
tt2437954,2013,2013-11-22,November,Friday,Qtr 4,No
tt2369154,2013,2013-12-06,December,Friday,Qtr 4,No
tt2361148,2013,2013-12-06,December,Friday,Qtr 4,No
tt3309662,2013,2013-12-13,December,Friday,Qtr 4,No
tt3357416,2013,2013-12-13,December,Friday,Qtr 4,No
tt1833673,2013,2013-12-20,December,Friday,Qtr 4,No
tt3415692,2013,2013-12-25,December,Wednesday,Qtr 4,Yes
tt3498050,2013,2013-12-27,December,Friday,Qtr 4,No
tt2876408,2014,2014-01-03,January,Friday,Qtr 1,No
tt2675978,2014,2014-01-10,January,Friday,Qtr 1,No
tt3382148,2014,2014-01-10,January,Friday,Qtr 1,No
tt2907156,2014,2014-01-17,January,Friday,Qtr 1,No
tt3465488,2014,2014-01-17,January,Friday,Qtr 1,No
tt1188982,2014,2014-01-24,January,Friday,Qtr 1,No
tt2951576,2014,2014-01-31,January,Friday,Qtr 1,No
tt3303416,2014,2014-02-07,February,Friday,Qtr 1,No
tt3334348,2014,2014-02-07,February,Friday,Qtr 1,No
tt3426144,2014,2014-02-07,February,Friday,Qtr 1,No
tt3173910,2014,2014-02-07,February,Friday,Qtr 1,No
tt2574698,2014,2014-02-14,February,Friday,Qtr 1,No
tt3565354,2014,2014-02-21,February,Friday,Qtr 1,No
tt3449320,2014,2014-02-21,February,Friday,Qtr 1,No
tt2980794,2014,2014-02-21,February,Friday,Qtr 1,No
tt3302962,2014,2014-02-28,February,Friday,Qtr 1,No
tt3322420,2014,2014-03-07,March,Friday,Qtr 1,No
tt2727028,2014,2014-03-07,March,Friday,Qtr 1,No
tt2573750,2014,2014-03-07,March,Friday,Qtr 1,No
tt3592020,2014,2014-03-14,March,Friday,Qtr 1,No
tt3483646,2014,2014-03-14,March,Friday,Qtr 1,No
tt2976176,2014,2014-03-21,March,Friday,Qtr 1,No
tt3531604,2014,2014-03-21,March,Friday,Qtr 1,No
tt2609218,2014,2014-03-21,March,Friday,Qtr 1,No
tt3483596,2014,2014-03-28,March,Friday,Qtr 1,No
tt3514330,2014,2014-03-28,March,Friday,Qtr 1,No
tt3539966,2014,2014-03-28,March,Friday,Qtr 1,No
tt2191164,2014,2014-03-28,March,Friday,Qtr 1,No
tt2762334,2014,2014-04-04,April,Friday,Qtr 2,No
tt3531852,2014,2014-04-11,April,Friday,Qtr 2,No
tt3617048,2014,2014-04-11,April,Friday,Qtr 2,No
tt3498078,2014,2014-04-14,April,Monday,Qtr 2,No
tt3672618,2014,2014-04-18,April,Friday,Qtr 2,No
tt2372678,2014,2014-04-18,April,Friday,Qtr 2,No
tt2612924,2014,2014-04-18,April,Friday,Qtr 2,No
tt3636776,2014,2014-04-25,April,Friday,Qtr 2,No
tt3290688,2014,2014-04-25,April,Friday,Qtr 2,No
tt3038772,2014,2014-04-25,April,Friday,Qtr 2,No
tt3585758,2014,2014-05-01,May,Thursday,Qtr 2,No
tt2063745,2014,2014-05-02,May,Friday,Qtr 2,No
tt3177332,2013,2014-05-02,May,Friday,Qtr 2,No
tt3681414,2014,2014-05-02,May,Friday,Qtr 2,No
tt3524410,2014,2014-05-09,May,Friday,Qtr 2,No
tt3056632,2014,2014-05-09,May,Friday,Qtr 2,No
tt4119196,2014,2014-05-09,May,Friday,Qtr 2,No
tt3640942,2014,2014-05-09,May,Friday,Qtr 2,No
tt3501994,2014,2014-05-09,May,Friday,Qtr 2,No
tt2429930,2014,2014-05-09,May,Friday,Qtr 2,No
tt3645014,2014,2014-05-16,May,Friday,Qtr 2,No
tt3369670,2014,2014-05-16,May,Friday,Qtr 2,No
tt3142232,2014,2014-05-23,May,Friday,Qtr 2,No
tt3709344,2014,2014-05-30,May,Friday,Qtr 2,No
tt2998196,2014,2014-05-30,May,Friday,Qtr 2,No
tt2556308,2014,2014-06-06,June,Friday,Qtr 2,No
tt3542028,2014,2014-06-13,June,Friday,Qtr 2,No
tt3683702,2014,2014-06-13,June,Friday,Qtr 2,No
tt2187167,2014,2014-06-13,June,Friday,Qtr 2,No
tt2208248,2014,2014-06-13,June,Friday,Qtr 2,No
tt3036740,2014,2014-06-20,June,Friday,Qtr 2,No
tt3359290,2014,2014-07-04,July,Friday,Qtr 3,Yes
tt3716142,2014,2014-07-04,July,Friday,Qtr 3,Yes
tt3748000,2014,2014-07-11,July,Friday,Qtr 3,No
tt3678938,2014,2014-07-11,July,Friday,Qtr 3,No
tt3794302,2014,2014-07-18,July,Friday,Qtr 3,No
tt3619772,2014,2014-07-18,July,Friday,Qtr 3,No
tt3822600,2014,2014-07-18,July,Friday,Qtr 3,No
tt2283894,2014,2014-07-18,July,Friday,Qtr 3,No
tt2372222,2014,2014-07-25,July,Friday,Qtr 3,No
tt2978626,2014,2014-08-08,August,Friday,Qtr 3,No
tt2309764,2014,2014-08-15,August,Friday,Qtr 3,No
tt4121522,2014,2014-08-15,August,Friday,Qtr 3,No
tt3814100,2014,2014-08-22,August,Friday,Qtr 3,No
tt3495000,2014,2014-08-22,August,Friday,Qtr 3,No
tt3881136,2014,2014-08-22,August,Friday,Qtr 3,No
tt4187650,2014,2014-08-28,August,Thursday,Qtr 3,No
tt3483712,2014,2014-08-29,August,Friday,Qtr 3,No
tt2220828,2014,2014-08-29,August,Friday,Qtr 3,No
tt3001638,2014,2014-09-05,September,Friday,Qtr 3,No
tt3619854,2014,2014-09-12,September,Friday,Qtr 3,No
tt3877652,2014,2014-09-12,September,Friday,Qtr 3,No
tt3142688,2014,2014-09-12,September,Friday,Qtr 3,No
tt3398052,2014,2014-09-19,September,Friday,Qtr 3,No
tt3554418,2014,2014-09-19,September,Friday,Qtr 3,No
tt3720634,2014,2014-09-26,September,Friday,Qtr 3,No
tt3021244,2014,2014-09-26,September,Friday,Qtr 3,No
tt3169676,2014,2014-09-26,September,Friday,Qtr 3,No
tt3390572,2014,2014-10-02,October,Thursday,Qtr 4,No
tt2905838,2014,2014-10-02,October,Thursday,Qtr 4,No
tt3847072,2014,2014-10-10,October,Friday,Qtr 4,No
tt4010306,2014,2014-10-10,October,Friday,Qtr 4,No
tt2317135,2014,2014-10-10,October,Friday,Qtr 4,No
tt3893476,2014,2014-10-10,October,Friday,Qtr 4,No
tt2871010,2014,2014-10-17,October,Friday,Qtr 4,No
tt2691010,2014,2014-10-17,October,Friday,Qtr 4,No
tt2461132,2014,2014-10-24,October,Friday,Qtr 4,No
tt2630076,2014,2014-10-31,October,Friday,Qtr 4,No
tt0839742,2014,2014-11-07,November,Friday,Qtr 4,No
tt3848888,2014,2014-11-07,November,Friday,Qtr 4,No
tt3380264,2014,2014-11-14,November,Friday,Qtr 4,No
tt3017412,2014,2014-11-21,November,Friday,Qtr 4,No
tt3309844,2014,2014-11-21,November,Friday,Qtr 4,No
tt4219300,2014,2014-11-21,November,Friday,Qtr 4,No
tt2679480,2014,2014-11-28,November,Friday,Qtr 4,No
tt4190220,2014,2014-11-28,November,Friday,Qtr 4,No
tt4228746,2014,2014-11-28,November,Friday,Qtr 4,No
tt0403935,2014,2014-12-05,December,Friday,Qtr 4,No
tt3362728,2014,2014-12-05,December,Friday,Qtr 4,No
tt4045666,2014,2014-12-05,December,Friday,Qtr 4,No
tt2216852,2014,2014-12-12,December,Friday,Qtr 4,No
tt2767712,2014,2014-12-12,December,Friday,Qtr 4,No
tt2338151,2014,2014-12-19,December,Friday,Qtr 4,No
